TweetTerm,Total
learning,2347
rt,1820
blended,1134
ed,758
tech,679
education,639
online,475
community,432
distance,404
mobile,395
collaborative,367
college,347
higher,346
#edtech,314
new,308
access,284
technology,281
khan,266
academy,257
problem,246
@scoopit,221
more,204
startup,201
educational,198
open,184
workforce,172
silverback,170
ed-tech,169
solving,168
development,167
time,163
good,161
students,160
school,158
$2.5m,158
anant,154
teachers,152
great,144
schools,143
ground,143
out,143
agarwal,140
today,139
it's,137
one,128
university,127
#edchat,123
now,120
top,120
know,120
out!,116
free,114
learning:,113
...,113
look,110
classroom,108
use,107
courses,104
class,103
#elearning,102
want,101
times,101
news,101
k-12,101
#education,99
#blendedlearning,99
big,98
infographic:,98
training,96
stories,96
2013,95
first,94
read,93
left,92
10,92
digital,91
gets,91
using,90
learn,90
raises,87
course,87
expand,86
child,85
help,85
join,85
medical,83
see,81
looking,81
behind,80
#mlearning,80
job,80
"learning,",78
love,77
national,77
guide,76
advocates,76
rights,75
high,75
ipad,75
standards,74
